"","diametro","longitud","especie"
"1",0.27012603825446,6.35802660576001,"abedul"
"2",0.268801348687014,7.38548553402272,"abedul"
"3",0.2994605927827,6.19580398292107,"abedul"
"4",0.296034746014298,9.25413748622997,"abedul"
"5",0.223519716757487,10.2407100568522,"abedul"
"6",0.331217203671581,12.2544271049871,"abedul"
"7",0.307491772079556,8.73222876586344,"abedul"
"8",0.37248622119445,6.25043724561263,"abedul"
"9",0.320555947141533,10.0489497259865,"abedul"
"10",0.28659122073114,9.80951778739062,"abedul"
"11",0.383921734408743,7.52350260819435,"abedul"
"12",0.384966780717465,4.88429019225537,"abedul"
"13",0.263438645511295,9.52261979078783,"abedul"
"14",0.314070958678663,10.2582887912833,"abedul"
"15",0.293662592441035,7.40978433858813,"abedul"
"16",0.30561153439662,9.07248563671605,"abedul"
"17",0.306826281857064,7.44821905049898,"abedul"
"18",0.262142986113928,9.36463049027503,"abedul"
"19",0.308567687407277,7.7654185705703,"abedul"
"20",0.352477420894254,7.31064827215988,"abedul"
"21",0.295077299875956,8.22324099639442,"abedul"
"22",0.295112198679046,7.43318937003541,"abedul"
"23",0.341957160190124,6.81796567109143,"abedul"
"24",0.326951887220488,7.3681261375152,"abedul"
"25",0.250545155448561,7.98369569534893,"abedul"
"26",0.306856709197866,8.41499028143695,"abedul"
"27",0.349606417040332,11.0648472432517,"abedul"
"28",0.342458290497574,5.28400433809303,"abedul"
"29",0.312598548114427,7.60076189889412,"abedul"
"30",0.321636624213387,9.26304625556165,"abedul"
"31",0.264091943634339,11.5240418068857,"abedul"
"32",0.309003947006441,8.85202872523099,"abedul"
"33",0.271366531944365,7.9724931670492,"abedul"
"34",0.286259457957092,7.38488618080728,"abedul"
"35",0.328068110513388,8.82861632821658,"abedul"
"36",0.265893206649266,9.97811584039278,"abedul"
"37",0.308007547526192,7.63228337890789,"abedul"
"38",0.312849961184146,8.32752281369311,"abedul"
"39",0.301647359095189,8.43387268828877,"abedul"
"40",0.354665664655062,9.45855526841931,"abedul"
"41",0.269329580142742,10.2227608140494,"abedul"
"42",0.318183907843068,8.55832163387926,"abedul"
"43",0.29733208297648,7.84765865690564,"abedul"
"44",0.292175032684982,10.7893262644172,"abedul"
"45",0.313922737015571,8.32906823521117,"abedul"
"46",0.269387982279482,11.155703957587,"abedul"
"47",0.260596472504448,7.8761546847609,"abedul"
"48",0.285165573735497,9.22784592838737,"abedul"
"49",0.352552714492663,4.90782281150952,"abedul"
"50",0.301672943238376,7.77521607732518,"abedul"
"51",0.309943031946837,7.95641092007823,"abedul"
"52",0.294304600869674,6.48330916516691,"abedul"
"53",0.314114781958615,5.9282142311554,"abedul"
"54",0.271449613709486,9.89631860510362,"abedul"
"55",0.334737313997059,9.82831746785544,"abedul"
"56",0.317541157807241,5.40253601030708,"abedul"
"57",0.275806415319249,8.84875758986868,"abedul"
"58",0.30163659737436,5.77490936008983,"abedul"
"59",0.321489948584974,5.89785354763688,"abedul"
"60",0.316731929461638,9.05082489653271,"abedul"
"61",0.344458020476306,6.62795199981389,"abedul"
"62",0.281610367353154,9.98695996424443,"abedul"
"63",0.333484098464712,8.07704719815069,"abedul"
"64",0.331096440298237,9.07229795157145,"abedul"
"65",0.295125506042914,6.95274660422768,"abedul"
"66",0.270722199215343,5.69755733011282,"abedul"
"67",0.267325644273465,9.82950448200551,"abedul"
"68",0.313733608738349,8.47614298312543,"abedul"
"69",0.297866197988373,7.52186448109059,"abedul"
"70",0.353373080005543,8.13847065309147,"abedul"
"71",0.316054138814886,10.6518166851985,"abedul"
"72",0.288841653745095,6.60366673075985,"abedul"
"73",0.269233732545087,6.50118311107364,"abedul"
"74",0.282527949761842,6.76076989458529,"abedul"
"75",0.31028665178692,4.83001746358027,"abedul"
"76",0.2864719605883,9.63925627500748,"abedul"
"77",0.315426903606921,8.38473929348849,"abedul"
"78",0.289969858434907,8.41434394843586,"abedul"
"79",0.296833202736166,7.91330529130463,"abedul"
"80",0.278084709815765,6.97967911715178,"abedul"
"81",0.357151307547261,6.35316277244755,"abedul"
"82",0.309978651944112,9.70371280658534,"abedul"
"83",0.306919009214983,5.1476306541597,"abedul"
"84",0.249244127553478,8.88059788393082,"abedul"
"85",0.31979375698648,6.41477669848463,"abedul"
"86",0.269291292333609,8.56462042909093,"abedul"
"87",0.273254352769371,6.51861895561969,"abedul"
"88",0.327550235130649,6.95331663463194,"abedul"
"89",0.286418980604753,11.538731834054,"abedul"
"90",0.247548831599905,9.33656523786703,"abedul"
"91",0.353097123296681,3.71020595144868,"abedul"
"92",0.228677792238224,8.25282483220063,"abedul"
"93",0.317184345895788,7.09637412748555,"abedul"
"94",0.330517477472538,5.72674762444466,"abedul"
"95",0.281070964000184,8.41957178086239,"abedul"
"96",0.313328611542347,8.25993103203873,"abedul"
"97",0.313173911651657,7.34298685486383,"abedul"
"98",0.331218694587435,11.9454071346749,"abedul"
"99",0.314522981638576,3.50261986636689,"abedul"
"100",0.292653486627224,9.67643877455698,"abedul"
"101",0.327479761738206,7.42195345907485,"abedul"
"102",0.324018670695293,9.31302682115876,"abedul"
"103",0.271902928975926,7.09200459872264,"abedul"
"104",0.257976376980128,6.8122708751098,"abedul"
"105",0.304808326199795,4.57924066721075,"abedul"
"106",0.291781128756745,7.58110314345452,"abedul"
"107",0.270433826623131,12.9574916027142,"abedul"
"108",0.302517920385451,9.97940441625874,"abedul"
"109",0.260400104205393,11.3511443116537,"abedul"
"110",0.304836790539786,9.82993063662808,"abedul"
"111",0.281252148373742,10.2885254159237,"abedul"
"112",0.328714928225774,9.80575282899821,"abedul"
"113",0.372734674234846,8.95078486353021,"abedul"
"114",0.272520622689396,6.83494245200598,"abedul"
"115",0.331729925128289,6.93413052535305,"abedul"
"116",0.324754491833048,4.79832000724942,"abedul"
"117",0.297894173270839,7.98836457224002,"abedul"
"118",0.28639060877829,9.79871135171343,"abedul"
"119",0.347259231205125,10.0638451130521,"abedul"
"120",0.239836265452913,8.19026540891084,"abedul"
"121",0.28070415625219,6.90474476555618,"abedul"
"122",0.256894696690267,14.5810348866371,"abedul"
"123",0.341859403168382,9.47337106250085,"abedul"
"124",0.294278897020654,10.8411506097583,"abedul"
"125",0.28425986401591,7.32463871866535,"abedul"
"126",0.39552133422199,7.92408474589081,"abedul"
"127",0.298498881963371,8.89721419541345,"abedul"
"128",0.286687520644004,11.3530446238966,"abedul"
"129",0.308995957504084,7.37705090908775,"abedul"
"130",0.252947261377351,9.70723133356614,"abedul"
"131",0.314709079280162,3.81037073135954,"abedul"
"132",0.297115103967601,6.98549113183673,"abedul"
"133",0.314055753675904,5.41598184647337,"abedul"
"134",0.270528880921864,10.2267254347142,"abedul"
"135",0.269310484735562,7.67109382343949,"abedul"
"136",0.279197560101714,7.21925183598652,"abedul"
"137",0.276960312807217,10.7381996923971,"abedul"
"138",0.338971499000508,10.2325457164801,"abedul"
"139",0.347374366854243,6.20395759306501,"abedul"
"140",0.295293241408828,8.85573297521929,"abedul"
"141",0.28923190318246,5.5431108629755,"abedul"
"142",0.29012883508735,7.04876995157764,"abedul"
"143",0.30207709433559,11.2331552742939,"abedul"
"144",0.302907127011032,10.9002559026609,"abedul"
"145",0.308701031632967,10.2180375109337,"abedul"
"146",0.277599631768612,6.85819222733935,"abedul"
"147",0.27459310833539,4.23713705944889,"abedul"
"148",0.335912329912383,5.64860363195168,"abedul"
"149",0.2835411791669,9.90511304925504,"abedul"
"150",0.309091370856764,7.41886422766982,"abedul"
"151",0.2982908839859,3.67478370886404,"abedul"
"152",0.27126451823548,7.63962502456708,"abedul"
"153",0.317731857282345,10.8204784422492,"abedul"
"154",0.305193146204789,9.28693728103907,"abedul"
"155",0.341993500686375,6.35748291294116,"abedul"
"156",0.30352378753881,4.90816669586995,"abedul"
"157",0.290053627253974,6.34690554872642,"abedul"
"158",0.308348847399161,8.06905534264305,"abedul"
"159",0.26443225052894,9.77614740182411,"abedul"
"160",0.274923178398192,4.12011969041949,"abedul"
"161",0.315308197534183,10.0464035105482,"abedul"
"162",0.290006372963282,8.01091545317604,"abedul"
"163",0.298021171609426,9.13955793921166,"abedul"
"164",0.296543348717342,4.69348887353026,"abedul"
"165",0.280484621436764,6.66669123975564,"abedul"
"166",0.239439340227527,7.10353162146895,"abedul"
"167",0.310465049105298,10.0877826966181,"abedul"
"168",0.322849185229406,10.0563480947908,"abedul"
"169",0.261338512939496,8.87018091849667,"abedul"
"170",0.344472081553758,11.2084243632478,"abedul"
"171",0.311554644710617,6.96917760050927,"abedul"
"172",0.340249208849816,10.0250743875478,"abedul"
"173",0.271284885862731,7.92811994041856,"abedul"
"174",0.305003438650628,6.66531580764718,"abedul"
"175",0.296999581231836,9.84676007666167,"abedul"
"176",0.323055222956453,10.762200661699,"abedul"
"177",0.282724212962619,9.7565008323697,"abedul"
"178",0.299697069841426,6.98119308915547,"abedul"
"179",0.246640225537682,7.0604247316898,"abedul"
"180",0.276671356713885,10.755351693612,"abedul"
"181",0.303751016509953,8.7056528128355,"abedul"
"182",0.278810355228353,9.65914795864224,"abedul"
"183",0.298692915425656,7.32259603267139,"abedul"
"184",0.285962220782243,10.5220698729293,"abedul"
"185",0.318207904084845,6.38248971007561,"abedul"
"186",0.335054649262487,9.25070304173326,"abedul"
"187",0.275324957615774,6.36565006886378,"abedul"
"188",0.290788903242158,3.07484996682846,"abedul"
"189",0.343192837751092,5.31408497864066,"abedul"
"190",0.234032302374489,8.27259039842032,"abedul"
"191",0.290404866247778,9.76584549925165,"abedul"
"192",0.3619411285243,4.49739583381037,"abedul"
"193",0.365807702071928,5.49715106216095,"abedul"
"194",0.304697859700504,11.529091993151,"abedul"
"195",0.274091731481591,7.13220130035347,"abedul"
"196",0.304963722584713,9.0114002638612,"abedul"
"197",0.280416768121589,6.94612935724536,"abedul"
"198",0.343584518468744,7.40283422969699,"abedul"
"199",0.275805520328909,8.17448841321048,"abedul"
"200",0.311187347856262,8.02192368559801,"abedul"
"201",0.318595502237061,7.61487957791587,"abedul"
"202",0.277274695179125,7.06040702971252,"abedul"
"203",0.325545740445185,1.90427822040255,"abedul"
"204",0.277562100872511,11.7373110006674,"abedul"
"205",0.318907194889619,11.5808484164861,"abedul"
"206",0.332899848993107,5.79783651656154,"abedul"
"207",0.270346712328504,7.66378495578006,"abedul"
"208",0.333239851229388,10.750550609425,"abedul"
"209",0.285314013863628,9.9965800461044,"abedul"
"210",0.308830601653109,10.5532032374915,"abedul"
"211",0.306055124168663,5.85650616368041,"abedul"
"212",0.287184108409854,13.1545361923959,"abedul"
"213",0.308043086099934,5.73308008045935,"abedul"
"214",0.263087072237285,9.50783268376657,"abedul"
"215",0.295915893834451,8.28255196089138,"abedul"
"216",0.324773724949955,7.19257936407594,"abedul"
"217",0.234776260523121,7.24116840363796,"abedul"
"218",0.255362214379252,6.01720637493799,"abedul"
"219",0.265141873272091,11.2453195915136,"abedul"
"220",0.252327309175637,8.1790264555255,"abedul"
"221",0.312587491178891,8.51843589842876,"abedul"
"222",0.27021214950732,8.41926566612207,"abedul"
"223",0.235063587440131,7.24965849387827,"abedul"
"224",0.280872937047586,5.7319575104899,"abedul"
"225",0.288280942455756,8.50745261936792,"abedul"
"226",0.325703564213343,3.81272110008215,"abedul"
"227",0.266887435920035,5.16286611432877,"abedul"
"228",0.334838677672161,5.84720661012324,"abedul"
"229",0.311950881468858,5.84264227465529,"abedul"
"230",0.310870564729066,8.21437763313416,"abedul"
"231",0.274424229890565,11.1969750966495,"abedul"
"232",0.358610036396941,4.96935171187007,"abedul"
"233",0.295071875037085,8.86735204119322,"abedul"
"234",0.24525307247465,9.79908950664208,"abedul"
"235",0.293884305858225,6.02093559542225,"abedul"
"236",0.241966677878038,7.89440119695504,"abedul"
"237",0.2906846965264,9.64722180524411,"abedul"
"238",0.287333189904311,7.48898179490522,"abedul"
"239",0.320454890712102,7.55863130549757,"abedul"
"240",0.330284885572125,8.61545358242124,"abedul"
"241",0.278216851052965,7.87997349333346,"abedul"
"242",0.324183266051251,6.88869422012156,"abedul"
"243",0.342729693290063,7.72276996107822,"abedul"
"244",0.276475679854721,11.7656795847729,"abedul"
"245",0.28042786900502,9.74733735921206,"abedul"
"246",0.31952335089461,6.17080585434475,"abedul"
"247",0.305491439098318,5.51016475533736,"abedul"
"248",0.316463248813328,7.28003551863478,"abedul"
"249",0.342140528836427,10.657549401896,"abedul"
"250",0.311612493587292,8.58535823683391,"abedul"
"251",0.331551038105261,6.59698952631868,"abedul"
"252",0.318687163870116,9.76446913563604,"abedul"
"253",0.313008611694266,7.73325922255422,"abedul"
"254",0.311582533145532,5.75864300141716,"abedul"
"255",0.338739699133742,8.92238490842358,"abedul"
"256",0.26993220378868,11.0482856203576,"abedul"
"257",0.266844518125275,8.86893659626566,"abedul"
"258",0.317758380101916,8.38400074227786,"abedul"
"259",0.296409310076007,6.68751374316588,"abedul"
"260",0.302220156350549,9.13679706173905,"abedul"
"261",0.322238321315142,5.85885893021923,"abedul"
"262",0.322598851435472,4.69370195103822,"abedul"
"263",0.292119884899147,7.91329446301249,"abedul"
"264",0.290623683930087,7.93081298840192,"abedul"
"265",0.302207958270236,12.7301110640056,"abedul"
"266",0.331890533678842,5.5673053842162,"abedul"
"267",0.31278061460037,8.34181264669809,"abedul"
"268",0.342990225324696,9.61010618724439,"abedul"
"269",0.299770893887401,10.1011856882318,"abedul"
"270",0.333770028156623,7.97855103068135,"abedul"
"271",0.326490069330517,6.5134877171415,"abedul"
"272",0.318362503827002,7.86843189626003,"abedul"
"273",0.312441021203354,11.8795119838743,"abedul"
"274",0.291603528085724,8.96547801635167,"abedul"
"275",0.296728874724923,3.91104585488385,"abedul"
"276",0.306881864871254,10.8469182573005,"abedul"
"277",0.301466666720379,9.08100532183016,"abedul"
"278",0.328296734051587,7.93285645632495,"abedul"
"279",0.296720486304407,7.9642727577798,"abedul"
"280",0.297888692352365,7.70042056041319,"abedul"
"281",0.28547042737303,8.5131189619105,"abedul"
"282",0.2958499101437,6.99226613392597,"abedul"
"283",0.297937030730885,8.55402250332002,"abedul"
"284",0.230587926783018,6.13728795035852,"abedul"
"285",0.25905504908357,8.40029375054951,"abedul"
"286",0.297825392701441,10.2136748413329,"abedul"
"287",0.292041486754065,9.0184122273076,"abedul"
"288",0.263973920153777,10.0674993529022,"abedul"
"289",0.240253854718709,5.81826247639477,"abedul"
"290",0.289368923402597,8.10958556894519,"abedul"
"291",0.319604872970828,9.23450060544413,"abedul"
"292",0.353197158957827,5.86399026453343,"abedul"
"293",0.29884629618872,11.1316286741169,"abedul"
"294",0.344795545218831,5.93038397802948,"abedul"
"295",0.302490664729079,8.32903741701168,"abedul"
"296",0.303465963127787,8.30366466071016,"abedul"
"297",0.309744759400462,8.24334060393371,"abedul"
"298",0.273882682642172,7.57915083271306,"abedul"
"299",0.298448453613153,8.89987357429241,"abedul"
"300",0.327253430963768,5.93767101620507,"abedul"
"301",0.277508226394434,5.42127162355355,"abedul"
"302",0.290351817903361,6.69086272377351,"abedul"
"303",0.265566877486222,7.88535179230444,"abedul"
"304",0.310630565893481,10.5134956407141,"abedul"
"305",0.312743993471671,11.1749082797291,"abedul"
"306",0.319450420536722,8.63896292508949,"abedul"
"307",0.263405699054493,8.7631832453863,"abedul"
"308",0.303217051042643,7.51271023272111,"abedul"
"309",0.271678269250505,8.09610616810607,"abedul"
"310",0.299988460538519,5.19090827779642,"abedul"
"311",0.340278717600182,8.57986745779153,"abedul"
"312",0.284894241391972,6.92889283541251,"abedul"
"313",0.321500499628165,8.6693575462011,"abedul"
"314",0.277509942477489,7.308037321691,"abedul"
"315",0.285644153686491,6.67676853032711,"abedul"
"316",0.313161652517598,7.56177724639591,"abedul"
"317",0.279626631886264,7.26619017873259,"abedul"
"318",0.248911054945637,10.1891564156847,"abedul"
"319",0.3379550530564,8.41841616487426,"abedul"
"320",0.310810717136395,8.86498285230643,"abedul"
"321",0.282490816783197,5.51829282839845,"abedul"
"322",0.240177636380082,10.993643419256,"abedul"
"323",0.357066293141979,8.31874088232152,"abedul"
"324",0.401711124638146,6.28743719319349,"abedul"
"325",0.306224412220664,8.61809329089364,"abedul"
"326",0.325494199425336,9.74086805968975,"abedul"
"327",0.336736809362225,5.23264572339688,"abedul"
"328",0.278945866993842,11.3802139400611,"abedul"
"329",0.289464113113304,7.68393858964328,"abedul"
"330",0.248186368900644,10.2423415612973,"abedul"
"331",0.277902653031844,8.14452263817783,"abedul"
"332",0.318672293486583,7.33515431086655,"abedul"
"333",0.291278520322774,4.33015990674627,"abedul"
"334",0.293573653974508,5.79965556282562,"abedul"
"335",0.296623213454924,7.91731940016514,"abedul"
"336",0.244089990525132,9.65570509023429,"abedul"
"337",0.32512889802695,4.23664269169086,"abedul"
"338",0.256695213331937,10.7508822246485,"abedul"
"339",0.293742895127531,10.797980928606,"abedul"
"340",0.286843096138235,5.71336748817812,"abedul"
"341",0.293442185494314,8.94460112438622,"abedul"
"342",0.343798978342074,5.93272157329158,"abedul"
"343",0.282538202462539,7.74960004262343,"abedul"
"344",0.276507072128643,9.85732547769337,"abedul"
"345",0.254410380151685,9.73667929539754,"abedul"
"346",0.275829057551663,6.30165079273304,"abedul"
"347",0.265014458778968,7.22672709104887,"abedul"
"348",0.312238385887449,6.04767285800567,"abedul"
"349",0.274109872619764,8.67908731980983,"abedul"
"350",0.309121261050844,4.88184967113245,"abedul"
"351",0.295607175364562,2.74134911689728,"abedul"
"352",0.256993134602676,10.9396245637457,"abedul"
"353",0.276281766428319,12.5469458259894,"abedul"
"354",0.32655337365173,7.08993291952234,"abedul"
"355",0.327092282578637,9.52220497418979,"abedul"
"356",0.360167198229019,7.98499443258056,"abedul"
"357",0.299892590748007,10.948627599432,"abedul"
"358",0.255125195580536,9.10828786513876,"abedul"
"359",0.276947489189545,8.4073279302323,"abedul"
"360",0.312254655145204,4.40172709646826,"abedul"
"361",0.357004090046842,10.1659113615955,"abedul"
"362",0.303300273703192,7.29829276990629,"abedul"
"363",0.334211604753854,5.19301983056995,"abedul"
"364",0.323042439140768,7.59640667017334,"abedul"
"365",0.26495725133648,7.74644368041539,"abedul"
"366",0.294866620432054,10.1184137453323,"abedul"
"367",0.33915784609043,5.66520793547201,"abedul"
"368",0.326282883287877,6.88471274536311,"abedul"
"369",0.313913884247034,10.9762398567663,"abedul"
"370",0.314313427361306,10.7173315375401,"abedul"
"371",0.285257840993718,10.3264290878047,"abedul"
"372",0.260418440599674,11.3230478906958,"abedul"
"373",0.338862773724939,8.40806195965979,"abedul"
"374",0.257393415249992,6.83623262626045,"abedul"
"375",0.271833122408825,9.11040812372684,"abedul"
"376",0.318868949775595,10.1174462516519,"abedul"
"377",0.262134163518312,12.8272665429421,"abedul"
"378",0.283443887601816,4.07003533457762,"abedul"
"379",0.264516014796526,8.54647140613364,"abedul"
"380",0.318619906731869,9.30958916573929,"abedul"
"381",0.313389390499143,7.89080268927923,"abedul"
"382",0.312656540798211,4.88435550302978,"abedul"
"383",0.313273943164369,9.48300178417249,"abedul"
"384",0.316717372391368,6.44182851747216,"abedul"
"385",0.319180694759115,9.01172299766102,"abedul"
"386",0.240940153299773,9.8151034120357,"abedul"
"387",0.295535509159204,10.5679140209492,"abedul"
"388",0.303373914376557,4.88427240522886,"abedul"
"389",0.321740286079433,10.1634836963582,"abedul"
"390",0.264375417719841,6.48603728610796,"abedul"
"391",0.285011994305523,5.42196105230208,"abedul"
"392",0.267790710277465,10.6286413318389,"abedul"
"393",0.33171720638129,10.29251994653,"abedul"
"394",0.33837217749628,7.51483346458999,"abedul"
"395",0.323630301760777,9.51908141247669,"abedul"
"396",0.26332789852269,6.27934851715388,"abedul"
"397",0.3135585635021,7.69793684189591,"abedul"
"398",0.334513475591427,7.81255353247826,"abedul"
"399",0.305038229422094,7.43851989099199,"abedul"
"400",0.283016720013121,9.46819747299449,"abedul"
"401",0.267416452781659,11.0746550709919,"abedul"
"402",0.280040916133195,7.0884578744422,"abedul"
"403",0.32144545067848,7.93468309528854,"abedul"
"404",0.287050166988542,11.273514698331,"abedul"
"405",0.306828448198203,7.34191605894692,"abedul"
"406",0.338848373870109,2.79192365878579,"abedul"
"407",0.317350048214084,9.02796757289586,"abedul"
"408",0.340940183444206,6.22706397777749,"abedul"
"409",0.248952605920188,6.00292318799215,"abedul"
"410",0.291579711608586,10.8416336271697,"abedul"
"411",0.301952040584766,12.8959960140305,"abedul"
"412",0.317357678748255,5.92043491719291,"abedul"
"413",0.264923801354131,10.0620503633335,"abedul"
"414",0.324185545663419,7.81170432326073,"abedul"
"415",0.30922170228487,8.28361491844089,"abedul"
"416",0.307914180408142,10.4444734029128,"abedul"
"417",0.315254543748151,8.42734903688213,"abedul"
"418",0.29650924680369,6.29726929227848,"abedul"
"419",0.327766382954973,7.05918225051428,"abedul"
"420",0.319446893211945,9.37227051059775,"abedul"
"421",0.295493718774969,3.3281053362802,"abedul"
"422",0.331211310580221,10.1904887636969,"abedul"
"423",0.308776760548385,4.86569980233552,"abedul"
"424",0.320062541983184,8.04386212563676,"abedul"
"425",0.282174670751273,7.61928204481608,"abedul"
"426",0.347412955109578,10.5861389720487,"abedul"
"427",0.2998803316695,8.37769863011326,"abedul"
"428",0.325435283066804,8.20387826981042,"abedul"
"429",0.296996504223219,9.3962716177172,"abedul"
"430",0.291611102790582,6.34597088761914,"abedul"
"431",0.3235331473584,7.60820228786725,"abedul"
"432",0.252461500662265,10.3551688276155,"abedul"
"433",0.314350984433821,9.3669472419597,"abedul"
"434",0.311806991189844,5.44900658649495,"abedul"
"435",0.219140118926265,9.27591273482176,"abedul"
"436",0.311051319855998,5.24482075079256,"abedul"
"437",0.23494746757959,6.80337839256066,"abedul"
"438",0.319794131306782,10.421840767714,"abedul"
"439",0.286382587998564,3.4979096491083,"abedul"
"440",0.279151895242953,4.44197161823834,"abedul"
"441",0.29979461090482,10.6027453456528,"abedul"
"442",0.34119156134952,6.37041443189469,"abedul"
"443",0.280940307683463,10.4874140371578,"abedul"
"444",0.316743098818463,7.66349959848779,"abedul"
"445",0.310234736052656,8.85555135672585,"abedul"
"446",0.264614441125753,9.62655777925848,"abedul"
"447",0.247769339479981,6.69757626127991,"abedul"
"448",0.240222426862826,7.39081815370679,"abedul"
"449",0.316538226344037,7.16980566070873,"abedul"
"450",0.298957738154061,13.6321685520448,"abedul"
"451",0.355517151108319,8.25229413819516,"abedul"
"452",0.317210253247891,8.94560084622217,"abedul"
"453",0.325490876732478,7.3184929181181,"abedul"
"454",0.340031507560049,7.51641871469078,"abedul"
"455",0.284978427061051,10.7575093377146,"abedul"
"456",0.315302937846855,7.32223266092522,"abedul"
"457",0.326063798107325,8.04027260552152,"abedul"
"458",0.341080550640091,8.75392432828214,"abedul"
"459",0.322879534389791,7.13655250992425,"abedul"
"460",0.31263441519112,11.9181283123541,"abedul"
"461",0.273953278581863,5.14308077555765,"abedul"
"462",0.321886810828731,12.0225859596913,"abedul"
"463",0.315007976172549,7.29681622224164,"abedul"
"464",0.319027507611207,10.714239293699,"abedul"
"465",0.312709351367168,4.00164517798506,"abedul"
"466",0.2939448586587,9.91216124285691,"abedul"
"467",0.29769402304698,9.75286252995373,"abedul"
"468",0.320620923398446,5.45756605687983,"abedul"
"469",0.305148945207736,6.46335224302074,"abedul"
"470",0.27509674277019,8.38704969094044,"abedul"
"471",0.29129522640583,10.287670857594,"abedul"
"472",0.260426228274705,6.46800139194265,"abedul"
"473",0.270989042919933,7.5517480018934,"abedul"
"474",0.295661667895934,11.1426938699547,"abedul"
"475",0.246056023308752,5.74530551829702,"abedul"
"476",0.249343725762253,9.89558796143372,"abedul"
"477",0.333076955983083,8.89753637846979,"abedul"
"478",0.282701432273657,5.78837094288735,"abedul"
"479",0.244449248113455,6.66426431565244,"abedul"
"480",0.296614102817131,9.56655502060439,"abedul"
"481",0.339632078016645,8.49791886542425,"abedul"
"482",0.319867628908039,10.850196554935,"abedul"
"483",0.313241495950609,6.79643207581683,"abedul"
"484",0.335512377368395,4.57102460724105,"abedul"
"485",0.276854956766973,10.0956538529565,"abedul"
"486",0.321890675740561,6.78275676313174,"abedul"
"487",0.282387431526634,8.24068105364511,"abedul"
"488",0.300022925590875,11.4380836277036,"abedul"
"489",0.366433959580204,7.49917189537761,"abedul"
"490",0.329083031871278,11.099110654794,"abedul"
"491",0.323040231411516,5.80572070013511,"abedul"
"492",0.266750162645455,9.85102247223247,"abedul"
"493",0.276412922400159,8.493598423742,"abedul"
"494",0.368523494407848,6.5264569212971,"abedul"
"495",0.267200977080801,5.43998212222069,"abedul"
"496",0.306434381258552,8.15328732718902,"abedul"
"497",0.326777131789112,8.51032952490816,"abedul"
"498",0.330562739170268,8.55489363406936,"abedul"
"499",0.332673360327577,9.0737120444631,"abedul"
"500",0.295106130303444,7.07902886804658,"abedul"
"501",0.371976217672389,9.39810715401498,"abeto"
"502",0.388491125525836,9.00630140890128,"abeto"
"503",0.477935415707456,11.0267850560749,"abeto"
"504",0.403525419571229,10.7510613026063,"abeto"
"505",0.406464386758047,8.4908334626713,"abeto"
"506",0.485753249344164,9.90485254915071,"abeto"
"507",0.42304581029946,9.1040521772435,"abeto"
"508",0.336746938269673,7.92924892945804,"abeto"
"509",0.365657357405324,10.1501201311881,"abeto"
"510",0.377716901495002,9.92078829074141,"abeto"
"511",0.461204089871973,9.90263073248692,"abeto"
"512",0.417990691352868,10.2161525418012,"abeto"
"513",0.420038572529703,10.8824651643966,"abeto"
"514",0.405534135797256,10.2055975044834,"abeto"
"515",0.372207943262296,9.38356415712647,"abeto"
"516",0.489345656840154,9.26520074807872,"abeto"
"517",0.424892523911462,9.86819720695882,"abeto"
"518",0.301669142168518,10.310016986579,"abeto"
"519",0.435067795078184,8.96031964729796,"abeto"
"520",0.376360429613603,9.81569113115762,"abeto"
"521",0.346608814700658,10.9672672601679,"abeto"
"522",0.389101254267085,9.89171990876551,"abeto"
"523",0.348699777584638,9.30157933240561,"abeto"
"524",0.363555438535443,9.72405483157446,"abeto"
"525",0.368748036607537,11.114648545362,"abeto"
"526",0.315665334462879,10.5500439612141,"abeto"
"527",0.441889352224726,11.2366758000816,"abeto"
"528",0.407668655891826,10.1390978571618,"abeto"
"529",0.343093153149403,10.4102750964904,"abeto"
"530",0.462690746053496,9.44154308765187,"abeto"
"531",0.421323211073841,10.6053706689303,"abeto"
"532",0.385246425850386,9.49366645781076,"abeto"
"533",0.444756283052251,8.57943449530426,"abeto"
"534",0.443906674376652,10.1279929656841,"abeto"
"535",0.441079054081874,11.9458512177314,"abeto"
"536",0.434432012705005,10.8009143395731,"abeto"
"537",0.427695882676879,11.1652533899463,"abeto"
"538",0.396904414471164,10.3588557230932,"abeto"
"539",0.384701866813004,9.39144282168377,"abeto"
"540",0.380976449949381,9.79775914488972,"abeto"
"541",0.365264651053974,9.72675189318807,"abeto"
"542",0.38960413609902,9.53130022021791,"abeto"
"543",0.336730182421587,10.7041672839297,"abeto"
"544",0.508447798266926,8.80263649763459,"abeto"
"545",0.46039809991525,10.8663661321128,"abeto"
"546",0.343844570839833,10.8641524862259,"abeto"
"547",0.379855758235046,8.80137764093125,"abeto"
"548",0.376667232318839,10.6394919979005,"abeto"
"549",0.438998255916816,12.4302266523445,"abeto"
"550",0.395831546676409,9.44278451805839,"abeto"
"551",0.412665925699738,10.8449042414081,"abeto"
"552",0.398572662232565,9.2177981543806,"abeto"
"553",0.397856477135434,11.1107114182028,"abeto"
"554",0.468430114200723,10.2498247199266,"abeto"
"555",0.388711450717037,11.6519153916232,"abeto"
"556",0.475823530221477,8.54102927146308,"abeto"
"557",0.322562359788489,9.94870211387464,"abeto"
"558",0.429230687481803,9.4730748238744,"abeto"
"559",0.406192712192231,9.8027351309237,"abeto"
"560",0.410797078437199,9.37042125731399,"abeto"
"561",0.418981974137994,9.166156419465,"abeto"
"562",0.374883827344535,10.5787223746165,"abeto"
"563",0.383339630816529,8.91241928592307,"abeto"
"564",0.349071230844646,11.4840309315563,"abeto"
"565",0.346410438676221,8.81379341468625,"abeto"
"566",0.415176432070213,10.1010791513953,"abeto"
"567",0.422410488931471,10.5329892868265,"abeto"
"568",0.402650211336525,10.5867353390926,"abeto"
"569",0.446113373393987,9.69825333613362,"abeto"
"570",0.502504234281357,10.0795019953284,"abeto"
"571",0.375448441697173,10.9612641518097,"abeto"
"572",0.284541556217959,8.54353408292357,"abeto"
"573",0.450286926223113,9.21826028846792,"abeto"
"574",0.36453996187088,10.3204023143166,"abeto"
"575",0.365599569176632,9.55521802166301,"abeto"
"576",0.451278568484835,11.370003993971,"abeto"
"577",0.38576134964745,10.6732538633548,"abeto"
"578",0.338964114387273,10.0721667524148,"abeto"
"579",0.409065173987458,8.49224268246332,"abeto"
"580",0.393055431878048,10.0261002253262,"abeto"
"581",0.400288209294994,9.68358413180301,"abeto"
"582",0.419264020056317,9.8976534864794,"abeto"
"583",0.38146699841038,8.81844077294431,"abeto"
"584",0.432218827425942,10.4986580438299,"abeto"
"585",0.388975671909063,8.96104355969297,"abeto"
"586",0.416589098195785,9.77377801855759,"abeto"
"587",0.454841950657467,10.3814258294514,"abeto"
"588",0.42175907454169,9.21648421098695,"abeto"
"589",0.383703420723439,10.5829914056801,"abeto"
"590",0.457440380922555,8.68348959834831,"abeto"
"591",0.449675192798106,7.19022532103946,"abeto"
"592",0.427419847975403,10.4649679907859,"abeto"
"593",0.411936586755572,10.840539826961,"abeto"
"594",0.368604696198031,9.71415457640862,"abeto"
"595",0.4680326224265,10.5041262545916,"abeto"
"596",0.369987020642644,8.84408347491633,"abeto"
"597",0.509366649650829,9.87285139317434,"abeto"
"598",0.476630531309259,8.05848162395938,"abeto"
"599",0.388214982044976,11.1811808914385,"abeto"
"600",0.348678954984661,11.8599108615432,"abeto"
"601",0.364479671815035,11.074012260282,"abeto"
"602",0.412844185457826,9.97265303358626,"abeto"
"603",0.387665406076881,9.96666965772408,"abeto"
"604",0.382622870030113,8.4839323768489,"abeto"
"605",0.352419071636749,10.7903853438882,"abeto"
"606",0.397748613759554,9.78926581930823,"abeto"
"607",0.360754776527146,9.34325707463892,"abeto"
"608",0.316602903170593,8.58797420734169,"abeto"
"609",0.380988673985612,9.70023750335373,"abeto"
"610",0.445949830453038,9.15093886498329,"abeto"
"611",0.37123265186958,9.60296947967216,"abeto"
"612",0.430398216111252,8.7824000122364,"abeto"
"613",0.319105864585542,11.6875894829457,"abeto"
"614",0.397221901723773,9.98399747279203,"abeto"
"615",0.425970360197173,11.0749450772724,"abeto"
"616",0.415057668108336,7.39830032974235,"abeto"
"617",0.405283809707447,9.54680217000516,"abeto"
"618",0.367964699584731,9.32451770840793,"abeto"
"619",0.357514782698321,8.77707382063409,"abeto"
"620",0.348793560469754,11.5466091542241,"abeto"
"621",0.405882329855006,8.58471808023051,"abeto"
"622",0.35262626929076,10.318390260408,"abeto"
"623",0.375472127814967,10.8464362855797,"abeto"
"624",0.387195390390088,10.178190188418,"abeto"
"625",0.49219310026161,9.12474452250448,"abeto"
"626",0.367402504915227,10.9411658067242,"abeto"
"627",0.411769328614243,10.1705880818408,"abeto"
"628",0.403898042478186,8.93650209361796,"abeto"
"629",0.351907168293494,8.61195095239794,"abeto"
"630",0.39643459569382,12.0867174344931,"abeto"
"631",0.472227542921167,9.32149685458156,"abeto"
"632",0.422575202653961,8.14442834608196,"abeto"
"633",0.402061646099647,10.5332593627537,"abeto"
"634",0.378875158383019,10.3102302560609,"abeto"
"635",0.297337638922974,8.6461656642774,"abeto"
"636",0.456566860670709,8.05704358641805,"abeto"
"637",0.326967996453759,9.8836974828414,"abeto"
"638",0.436997375543867,11.1393962917094,"abeto"
"639",0.495455178460874,10.6361240351821,"abeto"
"640",0.32780534195141,9.50706257583802,"abeto"
"641",0.435089216768736,9.16581176841562,"abeto"
"642",0.386890125529877,10.2710667567505,"abeto"
"643",0.321392792042726,10.1573533472162,"abeto"
"644",0.324266617310912,10.6297117466927,"abeto"
"645",0.31992319132127,9.6042020497111,"abeto"
"646",0.373454673891485,10.8993540532031,"abeto"
"647",0.326912220750205,9.16918847266375,"abeto"
"648",0.434395838648791,9.66945529988004,"abeto"
"649",0.505005447026284,10.7408145237259,"abeto"
"650",0.335648476198241,10.9899716086271,"abeto"
"651",0.439386942373759,8.06149529854662,"abeto"
"652",0.438452112050046,10.1071904070162,"abeto"
"653",0.416610128947506,10.6087790117346,"abeto"
"654",0.34958116958615,8.54917568650937,"abeto"
"655",0.394027369668467,10.4806255998752,"abeto"
"656",0.385980233241488,9.1718257296032,"abeto"
"657",0.428149476661024,11.0202530121644,"abeto"
"658",0.381378062194809,10.5384820321026,"abeto"
"659",0.448848669334281,10.7690522949956,"abeto"
"660",0.381270957111649,10.120719329287,"abeto"
"661",0.452635573278967,10.8636484341578,"abeto"
"662",0.347541149666697,11.3805145283145,"abeto"
"663",0.336992237762094,11.9662480154556,"abeto"
"664",0.56205199674712,9.97160494525093,"abeto"
"665",0.379157120591978,7.7509489096676,"abeto"
"666",0.414911379577036,10.031526004594,"abeto"
"667",0.431828483701692,10.20556120845,"abeto"
"668",0.375810968714563,9.8446546528556,"abeto"
"669",0.42584310221568,10.5682886207771,"abeto"
"670",0.418448226369254,11.0106779645143,"abeto"
"671",0.389230974617915,9.48201756983218,"abeto"
"672",0.403264651676266,9.70590467284389,"abeto"
"673",0.398296637313077,10.3978422088003,"abeto"
"674",0.506422594950809,9.44977625851086,"abeto"
"675",0.362933195186359,10.0912673834882,"abeto"
"676",0.345200186646267,8.0382924011147,"abeto"
"677",0.401889419958554,8.88010027860238,"abeto"
"678",0.415524037472157,8.67224452439588,"abeto"
"679",0.421826173945509,9.14637630327276,"abeto"
"680",0.377081733364445,9.30669547206933,"abeto"
"681",0.34683369330144,10.3823051425464,"abeto"
"682",0.463159258804475,10.9821130025226,"abeto"
"683",0.382517480602322,9.27261647091246,"abeto"
"684",0.356724356867331,9.00316101762199,"abeto"
"685",0.388186021552945,8.95831114101049,"abeto"
"686",0.390141205282572,9.58541127363633,"abeto"
"687",0.455496014485682,9.76097093184744,"abeto"
"688",0.40423686460986,10.4836175338383,"abeto"
"689",0.437702689259226,9.67867515783161,"abeto"
"690",0.375035399141387,7.92151073113998,"abeto"
"691",0.41072226547908,9.90856572444986,"abeto"
"692",0.383765704425458,11.1871868106516,"abeto"
"693",0.404729176408679,11.1916012685103,"abeto"
"694",0.355231832101123,9.21103678188877,"abeto"
"695",0.334459923333601,8.45222345636243,"abeto"
"696",0.499860669237398,12.4580604918653,"abeto"
"697",0.430035441183621,9.83757805752058,"abeto"
"698",0.337436431918753,9.90254874989438,"abeto"
"699",0.369441704165979,10.4205741886981,"abeto"
"700",0.340725995770135,8.38596054338088,"abeto"
"701",0.509940517444186,9.27178088880871,"abeto"
"702",0.465620648821676,8.45955759470999,"abeto"
"703",0.386742747165182,9.3069053859894,"abeto"
"704",0.427159702961604,10.1188494330046,"abeto"
"705",0.379283002604057,8.63529054201309,"abeto"
"706",0.376187655269221,10.5899826793673,"abeto"
"707",0.360569858107488,10.2893440288173,"abeto"
"708",0.370269136627024,9.09578497437936,"abeto"
"709",0.482545373366835,10.2263249423811,"abeto"
"710",0.397298593745728,10.7480811624938,"abeto"
"711",0.405962261821379,11.0610952532617,"abeto"
"712",0.412184371479955,9.78715172135347,"abeto"
"713",0.461623793924267,9.90636320608895,"abeto"
"714",0.374196808452761,9.91328586501808,"abeto"
"715",0.350374642480398,11.441461756055,"abeto"
"716",0.48378484662016,11.125071892278,"abeto"
"717",0.377941839154736,10.834401567757,"abeto"
"718",0.363846701503006,9.71265920015931,"abeto"
"719",0.338186344055835,10.3732414341664,"abeto"
"720",0.33576421388411,10.4032903312207,"abeto"
"721",0.371301326035101,8.95832670571068,"abeto"
"722",0.430899290858326,8.27169548467926,"abeto"
"723",0.455492406946486,10.6418300276516,"abeto"
"724",0.435379417691779,8.47068946881958,"abeto"
"725",0.381817135145237,10.0016836884842,"abeto"
"726",0.40298749686923,10.2502478213483,"abeto"
"727",0.364770176815997,10.5638673903059,"abeto"
"728",0.3641390919213,10.1894262375148,"abeto"
"729",0.444232524948846,9.26714619370287,"abeto"
"730",0.349220371069823,10.9863658598955,"abeto"
"731",0.497764698274623,11.7386337669062,"abeto"
"732",0.395484020301707,10.8811788089254,"abeto"
"733",0.410726941331461,8.05634909867602,"abeto"
"734",0.363073614763021,11.3995761854029,"abeto"
"735",0.371280565511837,9.94394405381373,"abeto"
"736",0.334149193384738,10.5249142793193,"abeto"
"737",0.390853730581364,10.6220332358711,"abeto"
"738",0.420949120246223,9.9033139267933,"abeto"
"739",0.416215217208069,9.92473680235127,"abeto"
"740",0.360923175647262,11.0191570693309,"abeto"
"741",0.3605689014573,10.7116019224862,"abeto"
"742",0.374890064082857,10.9902622460442,"abeto"
"743",0.474803033492318,12.3829266952303,"abeto"
"744",0.343134818966713,10.6644158636941,"abeto"
"745",0.39104742028099,10.2073811573853,"abeto"
"746",0.495118091083946,7.78936688942438,"abeto"
"747",0.39495125573356,12.6917140032461,"abeto"
"748",0.33200796480893,9.51732317820369,"abeto"
"749",0.366761528236297,12.3747347150954,"abeto"
"750",0.424272998945244,10.374643568005,"abeto"
"751",0.381219856416511,11.5384301988968,"abeto"
"752",0.371906181822511,9.89028967882376,"abeto"
"753",0.382804138293577,10.5114707546981,"abeto"
"754",0.404524832356961,10.2139579796423,"abeto"
"755",0.479925438557291,9.81387930062651,"abeto"
"756",0.395571744393056,9.87960617537751,"abeto"
"757",0.454039974807576,11.0128343358443,"abeto"
"758",0.431537705782528,9.7985418530285,"abeto"
"759",0.394318005224693,7.9623175055592,"abeto"
"760",0.32335489985547,9.80411075117017,"abeto"
"761",0.373944134122374,10.5397906055363,"abeto"
"762",0.375506477343076,10.6164557163514,"abeto"
"763",0.402357721638076,10.6165678174774,"abeto"
"764",0.465009933883341,8.30789847913092,"abeto"
"765",0.514653948691555,10.3687420580112,"abeto"
"766",0.477379052949188,10.9678592099471,"abeto"
"767",0.393342451783553,11.2765786814677,"abeto"
"768",0.312173630222118,9.77503872895588,"abeto"
"769",0.380561006796413,9.6781074138172,"abeto"
"770",0.404460361153665,11.487837831878,"abeto"
"771",0.442250650203372,8.33207195422068,"abeto"
"772",0.448126398424214,9.56317002308688,"abeto"
"773",0.434215471470823,10.4574620793575,"abeto"
"774",0.330236282510027,8.38222623461877,"abeto"
"775",0.442482152281668,10.2796278624318,"abeto"
"776",0.377672139178639,11.8778640210522,"abeto"
"777",0.408740135008063,9.99593934656366,"abeto"
"778",0.403727558858687,9.72154597503641,"abeto"
"779",0.421408338248525,10.4749117140341,"abeto"
"780",0.401233749141307,9.72092782921269,"abeto"
"781",0.316626245120717,10.8134003740791,"abeto"
"782",0.436824798238672,10.9044354644497,"abeto"
"783",0.419301328417484,10.0026916612301,"abeto"
"784",0.386717418736089,8.82330784225027,"abeto"
"785",0.405907225552334,8.68177927254091,"abeto"
"786",0.406701932268423,9.40700263434468,"abeto"
"787",0.41105097342805,10.7973805005498,"abeto"
"788",0.482042308298874,8.04179482534308,"abeto"
"789",0.389047481053326,8.11367484126745,"abeto"
"790",0.408403269194233,9.3462201752399,"abeto"
"791",0.458419193653455,10.3943948479806,"abeto"
"792",0.452709051168846,9.08643395183501,"abeto"
"793",0.457263155519018,10.8867490370961,"abeto"
"794",0.371126599947022,10.3333699701552,"abeto"
"795",0.500124136514641,9.82936038176139,"abeto"
"796",0.403335043546509,10.8188281365318,"abeto"
"797",0.493342592235343,10.3883651628194,"abeto"
"798",0.332454865698464,9.55406497278784,"abeto"
"799",0.401049179317712,10.2311149344182,"abeto"
"800",0.462495728548461,10.6475133579776,"abeto"
"801",0.36423789063886,10.356283344862,"abeto"
"802",0.362365551589113,9.34198979205052,"abeto"
"803",0.353073064819655,10.8552022050642,"abeto"
"804",0.347374336033063,11.1529362255586,"abeto"
"805",0.37814202334098,10.2762745565433,"abeto"
"806",0.416558958647949,10.1441046624622,"abeto"
"807",0.299289475103964,9.92437491922016,"abeto"
"808",0.410599021668615,12.1614158463028,"abeto"
"809",0.461833752320829,10.2763155321358,"abeto"
"810",0.501878700912022,9.84170597130006,"abeto"
"811",0.465058799610029,7.49208219780275,"abeto"
"812",0.437838738189798,8.43471823496947,"abeto"
"813",0.313663480044284,9.92232679938943,"abeto"
"814",0.369924664599661,10.2062940448431,"abeto"
"815",0.382397677170869,10.2768724588616,"abeto"
"816",0.435176195137845,10.8215067804486,"abeto"
"817",0.394716433299811,9.80584759067954,"abeto"
"818",0.337067568596991,11.2145887944826,"abeto"
"819",0.484221785404706,9.07848395713042,"abeto"
"820",0.445569564589798,8.79155727955693,"abeto"
"821",0.411871513624551,8.77101382244619,"abeto"
"822",0.460905430516291,10.7422970241865,"abeto"
"823",0.333061285638251,9.91708005766077,"abeto"
"824",0.43304101488949,10.7898179218205,"abeto"
"825",0.373854381184329,9.73229357844292,"abeto"
"826",0.434187276092536,9.40810789778719,"abeto"
"827",0.396958902266996,9.63164742487349,"abeto"
"828",0.431648035651573,8.14738317575827,"abeto"
"829",0.46677588075297,8.83038473958588,"abeto"
"830",0.400364504515845,8.55796535364155,"abeto"
"831",0.450877931847605,11.0543222719753,"abeto"
"832",0.340578298242601,9.4026699086372,"abeto"
"833",0.363919777978199,10.7894598527902,"abeto"
"834",0.475960885569409,11.516490601692,"abeto"
"835",0.418869398651196,9.80822519089006,"abeto"
"836",0.297388858978314,10.2838789063524,"abeto"
"837",0.331798127395881,8.24893248060392,"abeto"
"838",0.389960949220544,9.1813302224802,"abeto"
"839",0.443288970216724,10.0562148493828,"abeto"
"840",0.394905837214239,10.2990869033362,"abeto"
"841",0.431209373601033,9.24060188270112,"abeto"
"842",0.447950268889391,12.6848589992268,"abeto"
"843",0.483552741443147,9.54160986090761,"abeto"
"844",0.402800836663748,10.06424355663,"abeto"
"845",0.397400904690955,10.6497918671535,"abeto"
"846",0.312338132042887,9.973981365226,"abeto"
"847",0.404966379704391,9.35643261297289,"abeto"
"848",0.371407497105222,11.0453056639633,"abeto"
"849",0.351299520859795,11.6155453232072,"abeto"
"850",0.391004688447623,9.97030602895016,"abeto"
"851",0.450747158637183,10.5622673454031,"abeto"
"852",0.300362575565571,9.90258750149737,"abeto"
"853",0.378636035639729,11.0164552177022,"abeto"
"854",0.405831864179135,8.84383260574015,"abeto"
"855",0.355339621497252,12.3208602239945,"abeto"
"856",0.416695147124961,9.39646875221166,"abeto"
"857",0.420571496030787,8.54115058556191,"abeto"
"858",0.3983481920362,9.64908217280693,"abeto"
"859",0.276705090311999,10.146708484145,"abeto"
"860",0.528572907293332,11.6236212076802,"abeto"
"861",0.38973503712659,10.9112096767713,"abeto"
"862",0.432559664079384,10.1424584320458,"abeto"
"863",0.413688324551827,8.61051647601184,"abeto"
"864",0.451233661740918,9.13396225532789,"abeto"
"865",0.440882972318704,9.83671506777071,"abeto"
"866",0.389510341438575,12.5530261134606,"abeto"
"867",0.418908388610425,8.13977242578158,"abeto"
"868",0.352729558443805,11.131054651846,"abeto"
"869",0.442846150544966,9.47276574276608,"abeto"
"870",0.376948083055782,11.6659908999874,"abeto"
"871",0.520838667689411,8.8607993600266,"abeto"
"872",0.317447555215591,10.1436232346627,"abeto"
"873",0.376800637851699,8.90044905829725,"abeto"
"874",0.441268993137962,10.9035164263617,"abeto"
"875",0.425506627343933,11.4837794887381,"abeto"
"876",0.37052594807425,11.9507210064012,"abeto"
"877",0.350160962889624,10.7976006575895,"abeto"
"878",0.407223785235535,11.8432662545778,"abeto"
"879",0.399284629341654,11.2464239086616,"abeto"
"880",0.310485938136797,9.86812508817598,"abeto"
"881",0.401727553356693,10.4770372382847,"abeto"
"882",0.409511515784623,9.02800578852407,"abeto"
"883",0.408736319849092,9.81479783059901,"abeto"
"884",0.347249147869866,11.2209637083488,"abeto"
"885",0.423806663915131,10.5412841434824,"abeto"
"886",0.468928506847962,10.4573573316253,"abeto"
"887",0.422811820158991,8.9618689603128,"abeto"
"888",0.343220576481283,9.39548676966588,"abeto"
"889",0.378217726515405,9.23539398624643,"abeto"
"890",0.41730518097768,10.3952958700135,"abeto"
"891",0.367647718434087,9.00949236953344,"abeto"
"892",0.292117683249236,10.5620413900991,"abeto"
"893",0.44421254100141,8.88358358806646,"abeto"
"894",0.358526119418774,11.8285304581354,"abeto"
"895",0.371321986461586,10.4605913494781,"abeto"
"896",0.475195030450227,9.29899638774673,"abeto"
"897",0.36129275351973,10.2410459325012,"abeto"
"898",0.442286577009465,9.64754680077204,"abeto"
"899",0.336965856059061,10.3711479597597,"abeto"
"900",0.382272879846301,10.2435327187603,"abeto"
"901",0.396322199043176,8.98588582733853,"abeto"
"902",0.341567428778782,9.20868612118053,"abeto"
"903",0.368262586754555,10.2995936847396,"abeto"
"904",0.398557922353584,11.6390519087516,"abeto"
"905",0.433534798436697,11.0846170086709,"abeto"
"906",0.317472672828745,9.37543252638191,"abeto"
"907",0.382512288039437,10.8259229016475,"abeto"
"908",0.437820321927274,9.95143164724371,"abeto"
"909",0.37305954200112,10.3013136517184,"abeto"
"910",0.411364596083647,10.2603614907366,"abeto"
"911",0.424611428503222,12.5754497637234,"abeto"
"912",0.413391750766584,8.81471118941278,"abeto"
"913",0.432662883973569,10.1009198590129,"abeto"
"914",0.393864566951131,8.22002271203239,"abeto"
"915",0.379316174320394,10.5898359229588,"abeto"
"916",0.267842552398551,11.0966084717214,"abeto"
"917",0.395352949076026,11.4456622411012,"abeto"
"918",0.421514234817999,8.07485474816288,"abeto"
"919",0.426769942043408,10.412769497194,"abeto"
"920",0.372236082434337,11.5933699513837,"abeto"
"921",0.488975145488757,9.5859841369577,"abeto"
"922",0.414321220981441,9.78784946791805,"abeto"
"923",0.406315792922944,9.96346277779526,"abeto"
"924",0.463613338973426,10.365018751433,"abeto"
"925",0.364076688934037,10.665159875746,"abeto"
"926",0.377483068803764,11.3178208837115,"abeto"
"927",0.519872624002488,9.90451240955501,"abeto"
"928",0.400556459361044,10.1962780454725,"abeto"
"929",0.481678421070415,12.4879978772215,"abeto"
"930",0.328074667754274,10.431098928115,"abeto"
"931",0.390474159897855,10.1887531093298,"abeto"
"932",0.418921195181842,8.65775687471655,"abeto"
"933",0.41500192726029,10.0028560476222,"abeto"
"934",0.349718187024458,9.77867384683312,"abeto"
"935",0.400962963731269,9.98895417019063,"abeto"
"936",0.346128967344401,9.42458235872883,"abeto"
"937",0.435635166262214,9.3131843475573,"abeto"
"938",0.454238754493032,9.27922636817988,"abeto"
"939",0.288750615175629,9.78549548460023,"abeto"
"940",0.461784673115007,11.3681326480286,"abeto"
"941",0.337947775159575,11.0490866265593,"abeto"
"942",0.422738463449132,9.64002488205694,"abeto"
"943",0.43299513190713,8.31408354546126,"abeto"
"944",0.390005508594928,9.15541657146405,"abeto"
"945",0.36774430215701,9.54223946675949,"abeto"
"946",0.408266051062103,10.1036380042283,"abeto"
"947",0.421940935035723,9.33739272429919,"abeto"
"948",0.444165140997435,12.0066806908319,"abeto"
"949",0.297383150804902,9.72773246558165,"abeto"
"950",0.318181036597049,8.78605552976049,"abeto"
"951",0.471520117059409,9.85873824271749,"abeto"
"952",0.452331442355577,8.99462241840659,"abeto"
"953",0.421764447445384,10.1561557072753,"abeto"
"954",0.435758920355553,10.2336336140899,"abeto"
"955",0.44585874588205,10.3555876116284,"abeto"
"956",0.266953860076716,8.37814174087579,"abeto"
"957",0.455513854831941,10.2207112909706,"abeto"
"958",0.375750620171884,10.3104500805416,"abeto"
"959",0.41153084153156,8.57889155249551,"abeto"
"960",0.385242109955821,10.9553656397304,"abeto"
"961",0.443598247703937,10.7841708790943,"abeto"
"962",0.382576377552219,12.2996193611544,"abeto"
"963",0.425925188294412,10.1567029873757,"abeto"
"964",0.380465751068051,10.046733527518,"abeto"
"965",0.345360639544925,10.0965858340824,"abeto"
"966",0.460500525522013,10.0697662309003,"abeto"
"967",0.437045000563714,8.15152722466233,"abeto"
"968",0.486213111957823,8.32887294135776,"abeto"
"969",0.403257696628965,9.9224610332088,"abeto"
"970",0.456250137291409,9.4189326194335,"abeto"
"971",0.498770952700954,10.0547365250574,"abeto"
"972",0.385925894248052,7.88879162673947,"abeto"
"973",0.333852444362239,8.50130174547324,"abeto"
"974",0.388032421643094,8.89851656106126,"abeto"
"975",0.389297938000731,10.9860582210602,"abeto"
"976",0.407584025225466,8.90150999290988,"abeto"
"977",0.485615248865964,9.20048604642347,"abeto"
"978",0.383692805374733,10.0798738186741,"abeto"
"979",0.418650232790246,9.67725363817489,"abeto"
"980",0.388615796755223,10.146417178668,"abeto"
"981",0.401022535426252,12.3050619820457,"abeto"
"982",0.415702883175313,8.87539632874176,"abeto"
"983",0.466410734801849,9.6945303600902,"abeto"
"984",0.406065918874539,9.48324055025627,"abeto"
"985",0.435642116001556,11.5123954268325,"abeto"
"986",0.438943001489177,9.23051507710972,"abeto"
"987",0.445738663542782,9.91791309622428,"abeto"
"988",0.371280272390781,10.7871336143227,"abeto"
"989",0.481344060709734,8.9414094640516,"abeto"
"990",0.380952163035299,11.655175815742,"abeto"
"991",0.394710791617512,10.6757624154742,"abeto"
"992",0.470202513385709,8.92579339046965,"abeto"
"993",0.464704195307279,10.4545778090577,"abeto"
"994",0.345500406379438,9.78669285676693,"abeto"
"995",0.356346449979127,10.3132287719943,"abeto"
"996",0.332096047031469,9.91002480298434,"abeto"
"997",0.409092359630992,11.0705160367783,"abeto"
"998",0.408242043395923,8.64889961429667,"abeto"
"999",0.418205734367753,9.47738330280408,"abeto"
"1000",0.427607885710928,9.7508093222446,"abeto"
